567.859375;235748
567.865173;237176
567.871033;240539
567.876831;237817
567.882629;234473
567.888428;237794
567.894226;237812
567.900024;236441
567.905823;239041
567.911621;239279
567.917419;236741
567.923218;237159
567.929016;240240
567.934875;236099
567.940674;237212
567.946472;242913
567.952271;239827
567.958069;238503
567.963867;240015
567.969666;241965
567.975464;239777
567.981262;241356
567.987061;238313
567.992920;238134
567.998718;238537
568.004517;242419
568.010315;237512
568.016113;238674
568.021912;238976
568.027710;238984
568.033508;238496
568.039307;239958
568.045105;240314
568.050964;241009
568.056763;240223
568.062561;242174
568.068359;241164
568.074158;241292
568.079956;242091
568.085754;239856
568.091553;242184
568.097351;241772
568.103149;243927
568.109009;241223
568.114807;238710
568.120605;245776
568.126404;245167
568.132202;240374
568.138000;242756
568.143799;243234
568.149597;241695
568.155396;243488
568.161194;245576
568.167053;242067
568.172852;241935
568.178650;244017
568.184448;244025
568.190247;245407
568.196045;244171
568.201843;243894
568.207642;244228
568.213440;244702
568.219238;248039
568.225037;245675
568.230896;246773
568.236694;244160
568.242493;245755
568.248291;245981
568.254089;244323
568.259888;244841
568.265686;244168
568.271484;246632
568.277283;243111
568.283081;243072
568.288940;246161
568.294739;246473
568.300537;246162
568.306335;243651
568.312134;246676
568.317932;242364
568.323730;243831
568.329529;244069
568.335327;246013
568.341125;245567
568.346985;247152
568.352783;247431
568.358582;244622
568.364380;246279
568.370178;246124
568.375977;247458
568.381775;244169
568.387573;245312
568.393372;242852
568.399170;246806
568.405029;244359
568.410828;248225
568.416626;246621
568.422424;248190
568.428223;245201
568.434021;248338
568.439819;248307
568.445618;247275
568.451416;247534
568.457214;249551
568.463013;249270
568.468872;248903
568.474670;249270
568.480469;250315
568.486267;249647
568.492065;249230
568.497864;250064
568.503662;246690
568.509460;249394
568.515259;251017
568.521057;247183
568.526917;248033
568.532715;247191
568.538513;249330
568.544312;249863
568.550110;249210
568.555908;248070
568.561707;249374
568.567505;252497
568.573303;252704
568.579102;254447
568.584961;249659
568.590759;249893
568.596558;249438
568.602356;248828
568.608154;250308
568.613953;249341
568.619751;250129
568.625549;249259
568.631348;251187
568.637146;249472
568.643005;246452
568.648804;251766
568.654602;250480
568.660400;251386
568.666199;251138
568.671997;248744
568.677795;246951
568.683594;248105
568.689392;250238
568.695190;247491
568.701050;247964
568.706848;247987
568.712646;248280
568.718445;246241
568.724243;249487
568.730042;248279
568.735840;249836
568.741638;250250
568.747437;248414
568.753235;249037
568.759033;250297
568.764893;245434
568.770691;248512
568.776489;248931
568.782288;249726
568.788086;249789
568.793884;249106
568.799683;248790
568.805481;249818
568.811279;247157
568.817078;251399
568.822937;249318
568.828735;248261
568.834534;250038
568.840332;248704
568.846130;250288
568.851929;246239
568.857727;247901
568.863525;246970
568.869324;249741
568.875122;247076
568.880981;249087
568.886780;249061
568.892578;248092
568.898376;248943
568.904175;246770
568.909973;247753
568.915771;247636
568.921570;248984
568.927368;247184
568.933167;246937
568.939026;248983
568.944824;247492
568.950623;244501
568.956421;249702
568.962219;247527
568.968018;246466
568.973816;244482
568.979614;248458
568.985413;243096
568.991211;245635
568.997009;244016
569.002869;242409
569.008667;244995
569.014465;242684
569.020264;244895
569.026062;248070
569.031860;245024
569.037659;241208
569.043457;242376
569.049255;244201
569.055054;240250
569.060913;241103
569.066711;238929
569.072510;239497
569.078308;240817
569.084106;242372
569.089905;239814
569.095703;241463
569.101501;240417
569.107300;239400
569.113098;240181
569.118958;240548
569.124756;239173
569.130554;240208
569.136353;241778
569.142151;242811
569.147949;241832
569.153748;239393
569.159546;237297
569.165344;239102
569.171143;241695
569.177002;242448
569.182800;242087
569.188599;240880
569.194397;241217
569.200195;238812
569.205994;242575
569.211792;240016
569.217590;243149
569.223389;238310
569.229187;242160
569.235046;241592
569.240845;241188
569.246643;241012
569.252441;240362
569.258240;240266
569.264038;239311
569.269836;240409
569.275635;236847
569.281433;237078
569.287231;242208
569.293030;241870
569.298889;239526
569.304688;238757
569.310486;236639
569.316284;237586
569.322083;239182
569.327881;237398
569.333679;235826
569.339478;237230
569.345276;240309
569.351074;237764
569.356934;237405
569.362732;235454
569.368530;239976
569.374329;238420
569.380127;240020
569.385925;238863
569.391724;239049
569.397522;239373
569.403320;240618
569.409119;240598
569.414978;238757
569.420776;239419
569.426575;243631
569.432373;240533
569.438171;242037
569.443970;239780
569.449768;240521
569.455566;238417
569.461365;241064
569.467163;240134
569.473022;241369
569.478821;243025
569.484619;242006
569.490417;242524
569.496216;243410
569.502014;240685
569.507813;241547
569.513611;242510
569.519409;240334
569.525208;241400
569.531006;242644
569.536865;240991
569.542664;242362
569.548462;243568
569.554260;244808
569.560059;245898
569.565857;247380
569.571655;244650
569.577454;242091
569.583252;242025
569.589050;247513
569.594910;243869
569.600708;243392
569.606506;244184
569.612305;243247
569.618103;241066
569.623901;242673
569.629700;244151
569.635498;243843
569.641296;246336
569.647095;244373
569.652954;243111
569.658752;241686
569.664551;244257
569.670349;246255
569.676147;245701
569.681946;243025
569.687744;245494
569.693542;245051
569.699341;243982
569.705139;241740
569.710999;243043
569.716797;243695
569.722595;247334
569.728394;245021
569.734192;245316
569.739990;244203
569.745789;245236
569.751587;245998
569.757385;246254
569.763184;245095
569.769043;245415
569.774841;246563
569.780640;244828
569.786438;246551
569.792236;243109
569.798035;244681
569.803833;243920
569.809631;246250
569.815430;246611
569.821228;242508
569.827026;246530
569.832886;249145
569.838684;246285
569.844482;246661
569.850281;247104
569.856079;244481
569.861877;246971
569.867676;244563
569.873474;242210
569.879272;244408
569.885071;243052
569.890930;242848
569.896729;246861
569.902527;242378
569.908325;244223
569.914124;242288
569.919922;242361
569.925720;244893
569.931519;243728
569.937317;244331
569.943115;243600
569.948975;240621
569.954773;243362
569.960571;243283
569.966370;241846
569.972168;242530
569.977966;242109
569.983765;240279
569.989563;238637
569.995361;238402
570.001160;243454
570.007019;238903
570.012817;240051
570.018616;240999
570.024414;241754
570.030212;242018
570.036011;241206
570.041809;241458
570.047607;241888
570.053406;241343
570.059204;239542
570.065002;240048
570.070862;239015
570.076660;238394
570.082458;243185
570.088257;240071
570.094055;243315
570.099854;242182
570.105652;239141
570.111450;241772
570.117249;242156
570.123047;239822
570.128906;244373
570.134705;240754
570.140503;238807
570.146301;244764
570.152100;243068
570.157898;242047
570.163696;243599
570.169495;241201
570.175293;239071
570.181091;245528
570.186951;246081
570.192749;242967
570.198547;240229
570.204346;244775
570.210144;239857
570.215942;237262
570.221741;241498
570.227539;238420
570.233337;239406
570.239136;242649
570.244995;239593
570.250793;236453
570.256592;238503
570.262390;240639
570.268188;239709
570.273987;238008
570.279785;235739
570.285583;241640
570.291382;240339
570.297180;239125
570.303040;238454
570.308838;239437
570.314636;237637
570.320435;241908
570.326233;235525
570.332031;237102
570.337830;239673
570.343628;235198
570.349426;238774
570.355225;236486
570.361023;235570
570.366882;238868
570.372681;234861
570.378479;232266
570.384277;234366
570.390076;235682
570.395874;233643
570.401672;237207
570.407471;235000
570.413269;233321
570.419067;235729
570.424927;235187
570.430725;235110
570.436523;231762
570.442322;231734
570.448120;233362
570.453918;233509
570.459717;233281
570.465515;231778
570.471313;233203
570.477112;231472
570.482971;233405
570.488770;232203
570.494568;233959
570.500366;232054
570.506165;231546
570.511963;232374
570.517761;230438
570.523560;229705
570.529358;233466
570.535156;230234
570.541016;233007
570.546814;231887
570.552612;232200
570.558411;231022
570.564209;230960
570.570007;231527
570.575806;234121
570.581604;233311
570.587402;233224
570.593201;232987
570.598999;231501
570.604858;232247
570.610657;238205
570.616455;233108
570.622253;230189
570.628052;235298
570.633850;237070
570.639648;235652
570.645447;236590
570.651245;236107
570.657043;240424
570.662903;238276
570.668701;234482
570.674500;236488
570.680298;240282
570.686096;237213
570.691895;239792
570.697693;238792
570.703491;239541
570.709290;240334
570.715088;240491
570.720947;241157
570.726746;240353
570.732544;240744
570.738342;235816
570.744141;240704
570.749939;242831
570.755737;243663
570.761536;240323
570.767334;243167
570.773132;241553
570.778992;243183
570.784790;244263
570.790588;241650
570.796387;242903
570.802185;241018
570.807983;243959
570.813782;242265
570.819580;242128
570.825378;245394
570.831177;241548
570.837036;241456
570.842834;243536
570.848633;242558
570.854431;241993
570.860229;242396
570.866028;244272
570.871826;240032
570.877625;241492
570.883423;241871
570.889221;242842
570.895020;243915
570.900879;242474
570.906677;241039
570.912476;241403
570.918274;245510
570.924072;245203
570.929871;244647
570.935669;242204
570.941467;245895
570.947266;242447
570.953064;243292
570.958923;244015
570.964722;244380
570.970520;243556
570.976318;241487
570.982117;243066
570.987915;245110
570.993713;245533
570.999512;244684
571.005310;241238
571.011108;244168
571.016968;243516
571.022766;244666
571.028564;245108
571.034363;245743
571.040161;246714
571.045959;242540
571.051758;243996
571.057556;246065
571.063354;245983
571.069153;243600
571.075012;245516
571.080811;247063
571.086609;244999
571.092407;243314
571.098206;246630
571.104004;248780
571.109802;244379
571.115601;246212
571.121399;245746
571.127197;245183
571.132996;245752
571.138855;247384
571.144653;249480
571.150452;248227
571.156250;248537
571.162048;245942
571.167847;246058
571.173645;247761
571.179443;246445
571.185242;248626
571.191040;248245
571.196899;245618
571.202698;248119
571.208496;246949
571.214294;248192
571.220093;246533
571.225891;248064
571.231689;244920
571.237488;249394
571.243286;250303
571.249084;247136
571.254944;250005
571.260742;247852
571.266541;247472
571.272339;248690
571.278137;248485
571.283936;245362
571.289734;245902
571.295532;245707
571.301331;247414
571.307129;248528
571.312988;247319
571.318787;245117
571.324585;245455
571.330383;247252
571.336182;244541
571.341980;247193
571.347778;245237
571.353577;244813
571.359375;245473
571.365173;247600
571.371033;244004
571.376831;244117
571.382629;248486
571.388428;243930
571.394226;245703
571.400024;248110
571.405823;244808
571.411621;244599
571.417419;246639
571.423218;247578
571.429016;242822
571.434875;246045
571.440674;247559
571.446472;247220
571.452271;244898
571.458069;245195
571.463867;244675
571.469666;243760
571.475464;246168
571.481262;248282
571.487061;244441
571.492920;244908
571.498718;245939
571.504517;246774
571.510315;245511
571.516113;245247
571.521912;246773
571.527710;244085
571.533508;246565
571.539307;242822
571.545105;244982
571.550964;247166
571.556763;245235
571.562561;245322
571.568359;244927
571.574158;242910
571.579956;241745
571.585754;245954
571.591553;244875
571.597351;242279
571.603149;246256
571.609009;243236
571.614807;241381
571.620605;241190
571.626404;243849
571.632202;240419
571.638000;242450
571.643799;245150
571.649597;243373
571.655396;244720
571.661194;244443
571.667053;246763
571.672852;244198
571.678650;244707
571.684448;248072
571.690247;247261
571.696045;245656
571.701843;244241
571.707642;245438
571.713440;243940
571.719238;244563
571.725037;246845
571.730896;244138
571.736694;247287
571.742493;245472
571.748291;242070
571.754089;246341
571.759888;249296
571.765686;247932
571.771484;243610
571.777283;242326
571.783081;246360
571.788940;246500
571.794739;242677
571.800537;244631
571.806335;246469
571.812134;246075
571.817932;246348
571.823730;248861
571.829529;247952
571.835327;243516
571.841125;246513
571.846985;247696
571.852783;247714
571.858582;246305
571.864380;245182
571.870178;245323
571.875977;249140
571.881775;245869
571.887573;242451
571.893372;243803
571.899170;249522
571.905029;243875
571.910828;243689
571.916626;245561
571.922424;243203
571.928223;244522
571.934021;244597
571.939819;246710
571.945618;246093
571.951416;241497
571.957214;244606
571.963013;246764
571.968872;245203
571.974670;244829
571.980469;245678
571.986267;242682
571.992065;244381
571.997864;244379
572.003662;244405
572.009460;246320
572.015259;243510
572.021057;247547
572.026917;245557
572.032715;245903
572.038513;245216
572.044312;246436
572.050110;244437
572.055908;248561
572.061707;244770
572.067505;244526
572.073303;245889
572.079102;244182
572.084961;250227
572.090759;243781
572.096558;245637
572.102356;246577
572.108154;245291
572.113953;245192
572.119751;244832
572.125549;244667
572.131348;244034
572.137146;242798
572.143005;242607
572.148804;243761
572.154602;244224
572.160400;239644
572.166199;242228
572.171997;242479
572.177795;242394
572.183594;243924
572.189392;242254
572.195190;243048
572.201050;243393
572.206848;243147
572.212646;243482
572.218445;240711
572.224243;241581
572.230042;243925
572.235840;243120
572.241638;243568
572.247437;247283
572.253235;246111
572.259033;246270
572.264893;245407
572.270691;247839
572.276489;245424
572.282288;244605
572.288086;244781
572.293884;245780
572.299683;242621
572.305481;243559
572.311279;247262
572.317078;243763
572.322937;242386
572.328735;247974
572.334534;243497
572.340332;243969
572.346130;247935
572.351929;245775
572.357727;245117
572.363525;246951
572.369324;243142
572.375122;242911
572.380981;243676
572.386780;242064
572.392578;243387
572.398376;241264
572.404175;245553
572.409973;242025
572.415771;239190
572.421570;240792
572.427368;240689
572.433167;237715
572.439026;241312
572.444824;239949
572.450623;239797
572.456421;240226
572.462219;240110
572.468018;243333
572.473816;241717
572.479614;241100
572.485413;242365
572.491211;243548
572.497009;244361
572.502869;247160
572.508667;240687
572.514465;240848
572.520264;240290
572.526062;240563
572.531860;242347
572.537659;243227
572.543457;239677
572.549255;244108
572.555054;245420
572.560913;241440
572.566711;242009
572.572510;246131
572.578308;242854
572.584106;241990
572.589905;243713
572.595703;244729
572.601501;241715
572.607300;243345
572.613098;244612
572.618958;243604
572.624756;243712
572.630554;240673
572.636353;241738
572.642151;241068
572.647949;238516
572.653748;240574
572.659546;241837
572.665344;241134
572.671143;240444
572.677002;238315
572.682800;239300
572.688599;240256
572.694397;236142
572.700195;235577
572.705994;237600
572.711792;235209
572.717590;235950
572.723389;236933
572.729187;235720
572.735046;234963
572.740845;236285
572.746643;234560
572.752441;234068
572.758240;234620
572.764038;232353
572.769836;233294
572.775635;235211
572.781433;233804
572.787231;235916
572.793030;231706
572.798889;232974
572.804688;235960
572.810486;235783
572.816284;238745
572.822083;238956
572.827881;240902
572.833679;238683
572.839478;236786
572.845276;236669
572.851074;241570
572.856934;237185
572.862732;239959
572.868530;238611
572.874329;238825
572.880127;239042
572.885925;241129
572.891724;240370
572.897522;237262
572.903320;238633
572.909119;238461
572.914978;241483
572.920776;239469
572.926575;238801
572.932373;239849
572.938171;242989
572.943970;241384
572.949768;241131
572.955566;242045
572.961365;243465
572.967163;241160
572.973022;244033
572.978821;243505
572.984619;241430
572.990417;240923
572.996216;241930
573.002014;246056
573.007813;242389
573.013611;240401
573.019409;242540
573.025208;241726
573.031006;245347
573.036865;243905
573.042664;243549
573.048462;242820
573.054260;246459
573.060059;243830
573.065857;243809
573.071655;243874
573.077454;242628
573.083252;240609
573.089050;239805
573.094910;241929
573.100708;243537
573.106506;241934
573.112305;243219
573.118103;241828
573.123901;240139
573.129700;243104
573.135498;241771
573.141296;243837
573.147095;241926
573.152954;240691
573.158752;241955
573.164551;239962
573.170349;237104
573.176147;238734
573.181946;236948
573.187744;238536
573.193542;235685
573.199341;239096
573.205139;237430
573.210999;235147
573.216797;235257
573.222595;236338
573.228394;237364
573.234192;236513
573.239990;234703
573.245789;232708
573.251587;235402
573.257385;233626
573.263184;239606
573.269043;238483
573.274841;234687
573.280640;239850
573.286438;241825
573.292236;239256
573.298035;240344
573.303833;238916
573.309631;238044
573.315430;238701
573.321228;240213
573.327026;240593
573.332886;238393
573.338684;240155
573.344482;240369
573.350281;241098
573.356079;242787
573.361877;239485
573.367676;241465
573.373474;242852
573.379272;241916
573.385071;244236
573.390930;242004
573.396729;243340
573.402527;243752
573.408325;247105
573.414124;245239
573.419922;241767
573.425720;241056
573.431519;244158
573.437317;243681
573.443115;241454
573.448975;245909
573.454773;245414
573.460571;243471
573.466370;244977
573.472168;247720
573.477966;244844
573.483765;241203
573.489563;243055
573.495361;245499
573.501160;245675
573.507019;247149
573.512817;245551
573.518616;244874
573.524414;248446
573.530212;248758
573.536011;247414
573.541809;248593
573.547607;246489
573.553406;246730
573.559204;247739
573.565002;247245
573.570862;248146
573.576660;245992
573.582458;241251
573.588257;246037
573.594055;244721
573.599854;246185
573.605652;246248
573.611450;245858
573.617249;244922
573.623047;242498
573.628906;244934
573.634705;243914
573.640503;244075
573.646301;243914
573.652100;246852
573.657898;243650
573.663696;246291
573.669495;243535
573.675293;243364
573.681091;243916
573.686951;243427
573.692749;244809
573.698547;243556
573.704346;245397
573.710144;240471
573.715942;241638
573.721741;244485
573.727539;241295
573.733337;241382
573.739136;241309
573.744995;243089
573.750793;242370
573.756592;245210
573.762390;245998
573.768188;243004
573.773987;243318
573.779785;244675
573.785583;244154
573.791382;242366
573.797180;241681
573.803040;242397
573.808838;244321
573.814636;243067
573.820435;240150
573.826233;242291
573.832031;241445
573.837830;240148
573.843628;238765
573.849426;239043
573.855225;238394
573.861023;239965
573.866882;239630
573.872681;238955
573.878479;241398
573.884277;241723
573.890076;243066
573.895874;244211
573.901672;241853
573.907471;240071
573.913269;242653
573.919067;242051
573.924927;243398
573.930725;246611
573.936523;240016
573.942322;243689
573.948120;244217
573.953918;241943
573.959717;245330
573.965515;247124
573.971313;247456
573.977112;245697
573.982971;243403
573.988770;240351
573.994568;245053
574.000366;245140
574.006165;243814
574.011963;242234
574.017761;240477
574.023560;244717
574.029358;245683
574.035156;243421
574.041016;242747
574.046814;241961
574.052612;242871
574.058411;245439
574.064209;242045
574.070007;245265
574.075806;245086
574.081604;243754
574.087402;243670
574.093201;244240
574.098999;243235
574.104858;243957
574.110657;243558
574.116455;242227
574.122253;241918
574.128052;238391
574.133850;240361
574.139648;241621
574.145447;238168
574.151245;238135
574.157043;240951
574.162903;239986
574.168701;239066
574.174500;239055
574.180298;235655
574.186096;238918
574.191895;239156
574.197693;236911
574.203491;235278
574.209290;236670
574.215088;237958
574.220947;237186
574.226746;237609
574.232544;237193
574.238342;238707
574.244141;238626
574.249939;237919
574.255737;237918
574.261536;240311
574.267334;236225
574.273132;236009
574.278992;236153
574.284790;236204
574.290588;238668
574.296387;237684
574.302185;240323
574.307983;238334
574.313782;236695
574.319580;235527
574.325378;237196
574.331177;236853
574.337036;237830
574.342834;236545
574.348633;235340
574.354431;235508
574.360229;235804
574.366028;234111
574.371826;234645
574.377625;232723
574.383423;235136
574.389221;235333
574.395020;233514
574.400879;234775
574.406677;233091
574.412476;234937
574.418274;237189
574.424072;235533
574.429871;233682
574.435669;237495
574.441467;239668
574.447266;233509
574.453064;236255
574.458923;234779
574.464722;236534
574.470520;237942
574.476318;240161
574.482117;241032
574.487915;241309
574.493713;238128
574.499512;240577
574.505310;238205
574.511108;237541
574.516968;235926
574.522766;241032
574.528564;238723
574.534363;235937
574.540161;238589
574.545959;237021
574.551758;240026
574.557556;241002
574.563354;240304
574.569153;241597
574.575012;240565
574.580811;240420
574.586609;240440
574.592407;238730
574.598206;243212
574.604004;242449
574.609802;242783
574.615601;243461
574.621399;239609
574.627197;239486
574.632996;242400
574.638855;242622
574.644653;242401
574.650452;245592
574.656250;243916
574.662048;242829
574.667847;240329
574.673645;241112
574.679443;238753
574.685242;236670
574.691040;237726
574.696899;239557
574.702698;238440
574.708496;240041
574.714294;239860
574.720093;242480
574.725891;241686
574.731689;241864
574.737488;241514
574.743286;242885
574.749084;243379
574.754944;244432
574.760742;242243
574.766541;245754
574.772339;243222
574.778137;242799
574.783936;245533
574.789734;243286
574.795532;241466
574.801331;240044
574.807129;243302
574.812988;240683
574.818787;244559
574.824585;246176
574.830383;242630
574.836182;240031
574.841980;243270
574.847778;245584
574.853577;242452
574.859375;243444
574.865173;242539
574.871033;242156
574.876831;244522
574.882629;247651
574.888428;246737
574.894226;245545
574.900024;248897
574.905823;246673
574.911621;245130
574.917419;243453
574.923218;245661
574.929016;244097
574.934875;247675
574.940674;248993
574.946472;248396
574.952271;248423
574.958069;247733
574.963867;247007
574.969666;249467
574.975464;247194
574.981262;249370
574.987061;248422
574.992920;249674
574.998718;247614
575.004517;247789
575.010315;248741
575.016113;245281
575.021912;246115
575.027710;248045
575.033508;246776
575.039307;244381
575.045105;245553
575.050964;245281
575.056763;241528
575.062561;243340
575.068359;242153
575.074158;244140
575.079956;244004
575.085754;247510
575.091553;249733
575.097351;247148
575.103149;247270
575.109009;247375
575.114807;247299
575.120605;247258
575.126404;249089
575.132202;247425
575.138000;248360
575.143799;248428
575.149597;249896
575.155396;246169
575.161194;246571
575.167053;247852
575.172852;249591
575.178650;250387
575.184448;248800
575.190247;246706
575.196045;251415
575.201843;251097
575.207642;250814
575.213440;248839
575.219238;251503
575.225037;248714
575.230896;249673
575.236694;246082
575.242493;248912
575.248291;249358
575.254089;249749
575.259888;249906
575.265686;251000
575.271484;251027
575.277283;249442
575.283081;250183
575.288940;251853
575.294739;252401
575.300537;249919
575.306335;248625
575.312134;250014
575.317932;250418
575.323730;249980
575.329529;253111
575.335327;250970
575.341125;248415
575.346985;248955
575.352783;251060
575.358582;251906
575.364380;250131
575.370178;250792
575.375977;249778
575.381775;246268
575.387573;249859
575.393372;251613
575.399170;244547
575.405029;248196
575.410828;247396
575.416626;249313
575.422424;247540
575.428223;246776
575.434021;248962
575.439819;248771
575.445618;247153
575.451416;246463
575.457214;250903
575.463013;249835
575.468872;247713
575.474670;248185
575.480469;247062
575.486267;248991
575.492065;248410
575.497864;244690
575.503662;246569
575.509460;246618
575.515259;246704
575.521057;249094
575.526917;247331
575.532715;247843
575.538513;249112
575.544312;248251
575.550110;247447
575.555908;247877
575.561707;248425
575.567505;249955
575.573303;251748
575.579102;244995
575.584961;247690
575.590759;248636
575.596558;251956
575.602356;250217
575.608154;250712
575.613953;248503
575.619751;249731
575.625549;244843
575.631348;247711
575.637146;248072
575.643005;245720
575.648804;247611
575.654602;249416
575.660400;247702
575.666199;247572
575.671997;249467
575.677795;251650
575.683594;249881
575.689392;249523
575.695190;251430
575.701050;251810
575.706848;249621
575.712646;249600
575.718445;250018
575.724243;251470
575.730042;250721
575.735840;254955
575.741638;252984
575.747437;249836
575.753235;252553
575.759033;250239
575.764893;254863
575.770691;255324
575.776489;252880
575.782288;253591
575.788086;249942
575.793884;249590
575.799683;253020
575.805481;253815
575.811279;254286
575.817078;251442
575.822937;253321
575.828735;253063
575.834534;251053
575.840332;255176
575.846130;255343
575.851929;254147
575.857727;255564
575.863525;254215
575.869324;255713
575.875122;252241
575.880981;255762
575.886780;253769
575.892578;254282
575.898376;255124
575.904175;252049
575.909973;253629
575.915771;252138
575.921570;252335
575.927368;254647
575.933167;253352
575.939026;252700
575.944824;251719
575.950623;252462
575.956421;254713
575.962219;253181
575.968018;254288
575.973816;253710
575.979614;253814
575.985413;255630
575.991211;254256
575.997009;252125
576.002869;251572
576.008667;249285
576.014465;248665
576.020264;245979
576.026062;248133
576.031860;248221
576.037659;250426
576.043457;248267
576.049255;250777
576.055054;251601
576.060913;252083
576.066711;251084
576.072510;250676
576.078308;252251
576.084106;251133
576.089905;252619
576.095703;255430
576.101501;250230
576.107300;251448
576.113098;253929
576.118958;254276
576.124756;252576
576.130554;254110
576.136353;255556
576.142151;253993
576.147949;252821
576.153748;253557
576.159546;255289
576.165344;257024
576.171143;256021
576.177002;257956
576.182800;255139
576.188599;256501
576.194397;253479
576.200195;253106
576.205994;257086
576.211792;255064
576.217590;252830
576.223389;254910
576.229187;254955
576.235046;256221
576.240845;258366
576.246643;257565
576.252441;256884
576.258240;259174
576.264038;256393
576.269836;257867
576.275635;258590
576.281433;260081
576.287231;255471
576.293030;256277
576.298889;257211
576.304688;254762
576.310486;258563
576.316284;253604
576.322083;253750
576.327881;259046
576.333679;255417
576.339478;256986
576.345276;258757
576.351074;259104
576.356934;260056
576.362732;259955
576.368530;261185
576.374329;256875
576.380127;258585
576.385925;259574
576.391724;257997
576.397522;255899
576.403320;258180
576.409119;259318
576.414978;259554
576.420776;256322
576.426575;255470
576.432373;258371
576.438171;258670
576.443970;258690
576.449768;256664
576.455566;258774
576.461365;258031
576.467163;254684
576.473022;258315
576.478821;255340
576.484619;259479
576.490417;258176
576.496216;256481
576.502014;260892
576.507813;256785
576.513611;259434
576.519409;260054
576.525208;260819
576.531006;256876
576.536865;258078
576.542664;256964
576.548462;258398
576.554260;258155
576.560059;257771
576.565857;261130
576.571655;258850
576.577454;258288
576.583252;258298
576.589050;259336
576.594910;254654
576.600708;257086
576.606506;258288
576.612305;257339
576.618103;258450
576.623901;258865
576.629700;257370
576.635498;257853
576.641296;259292
576.647095;260597
576.652954;258267
576.658752;260389
576.664551;260595
576.670349;260924
576.676147;259801
576.681946;262748
576.687744;259721
576.693542;260659
576.699341;257779
576.705139;261736
576.710999;256857
576.716797;256420
576.722595;257797
576.728394;258834
576.734192;260226
576.739990;261749
576.745789;259968
576.751587;258694
576.757385;261327
576.763184;260286
576.769043;260539
576.774841;261816
576.780640;262456
576.786438;260752
576.792236;262131
576.798035;261150
576.803833;258484
576.809631;262303
576.815430;257525
576.821228;255789
576.827026;258480
576.832886;259529
576.838684;262540
576.844482;259822
576.850281;259353
576.856079;259523
576.861877;260521
576.867676;259568
576.873474;259454
576.879272;259323
576.885071;258589
576.890930;260794
576.896729;261544
576.902527;262152
576.908325;259152
576.914124;257918
576.919922;258875
576.925720;258354
576.931519;261761
576.937317;255332
576.943115;257675
576.948975;257566
576.954773;260330
576.960571;260768
576.966370;261446
576.972168;258341
576.977966;259515
576.983765;258177
576.989563;258017
576.995361;258497
577.001160;259999
577.007019;260780
577.012817;260724
577.018616;257974
577.024414;258959
577.030212;258378
577.036011;260170
577.041809;257134
577.047607;259903
577.053406;260841
577.059204;256745
577.065002;256942
577.070862;261000
577.076660;259765
577.082458;258014
577.088257;259891
577.094055;260017
577.099854;262446
577.105652;260419
577.111450;261124
577.117249;261268
577.123047;258035
577.128906;261595
577.134705;259082
577.140503;261062
577.146301;262365
577.152100;257849
577.157898;258806
577.163696;258637
577.169495;259845
577.175293;259233
577.181091;258242
577.186951;258116
577.192749;258096
577.198547;260110
577.204346;259399
577.210144;259117
577.215942;258524
577.221741;258541
577.227539;259794
577.233337;263137
577.239136;259591
577.244995;263160
577.250793;261368
577.256592;261838
577.262390;259373
577.268188;263055
577.273987;262051
577.279785;262254
577.285583;262348
577.291382;260309
577.297180;260841
577.303040;259207
577.308838;260761
577.314636;260939
577.320435;263519
577.326233;262494
577.332031;263281
577.337830;262519
577.343628;260402
577.349426;262635
577.355225;263576
577.361023;262702
577.366882;262189
577.372681;260027
577.378479;261460
577.384277;261600
577.390076;262277
577.395874;261538
577.401672;260389
577.407471;264916
577.413269;263276
577.419067;262231
577.424927;263315
577.430725;262626
577.436523;262611
577.442322;260447
577.448120;263498
577.453918;262047
577.459717;264717
577.465515;265589
577.471313;265951
577.477112;263330
577.482971;263425
577.488770;263903
577.494568;262630
577.500366;260783
577.506165;264255
577.511963;261423
577.517761;262822
577.523560;263036
577.529358;260517
577.535156;263570
577.541016;266352
577.546814;262367
577.552612;263239
577.558411;265399
577.564209;263453
577.570007;264834
577.575806;262750
577.581604;262302
577.587402;264251
577.593201;261376
577.598999;263250
577.604858;263204
577.610657;265397
577.616455;262358
577.622253;259855
577.628052;260164
577.633850;259254
577.639648;264737
577.645447;263803
577.651245;260900
577.657043;266298
577.662903;263507
577.668701;261379
577.674500;262848
577.680298;262492
577.686096;261939
577.691895;262011
577.697693;260119
577.703491;258300
577.709290;261649
577.715088;261276
577.720947;257199
577.726746;259623
577.732544;263106
577.738342;260139
577.744141;262942
577.749939;262967
577.755737;264289
577.761536;261155
577.767334;259036
577.773132;261514
577.778992;264152
577.784790;263140
577.790588;262914
577.796387;264064
577.802185;260362
577.807983;263212
577.813782;260416
577.819580;262355
577.825378;263311
577.831177;261366
577.837036;260571
577.842834;263362
577.848633;263653
577.854431;263232
577.860229;265913
577.866028;259414
577.871826;263946
577.877625;261394
577.883423;262527
577.889221;263659
577.895020;261986
577.900879;260151
577.906677;264703
577.912476;261709
577.918274;259931
577.924072;261270
577.929871;260114
577.935669;260501
577.941467;263169
577.947266;263134
577.953064;262975
577.958923;263133
577.964722;263068
577.970520;263434
577.976318;259789
577.982117;259116
577.987915;259358
577.993713;258145
577.999512;258808
578.005310;260040
578.011108;259516
578.016968;261786
578.022766;260260
578.028564;259338
578.034363;262582
578.040161;260945
578.045959;265231
578.051758;259993
578.057556;261374
578.063354;261877
578.069153;261916
578.075012;264869
578.080811;261278
578.086609;260446
578.092407;260766
578.098206;260098
578.104004;259705
578.109802;258261
578.115601;264185
578.121399;262113
578.127197;258371
578.132996;262647
578.138855;260617
578.144653;263328
578.150452;261413
578.156250;260072
578.162048;258866
578.167847;259550
578.173645;254857
578.179443;251365
578.185242;250651
578.191040;251757
578.196899;251329
578.202698;246911
578.208496;250275
578.214294;251650
578.220093;255325
578.225891;255332
578.231689;251801
578.237488;254690
578.243286;257140
578.249084;256362
578.254944;256064
578.260742;255111
578.266541;255624
578.272339;252548
578.278137;251911
578.283936;256268
578.289734;254423
578.295532;255765
578.301331;251762
578.307129;252254
578.312988;254737
578.318787;256662
578.324585;258372
578.330383;255167
578.336182;259083
578.341980;258175
578.347778;260497
578.353577;260288
578.359375;257910
578.365173;260772
578.371033;258933
578.376831;260542
578.382629;259628
578.388428;261984
578.394226;257242
578.400024;259056
578.405823;260472
578.411621;260864
578.417419;262361
578.423218;257400
578.429016;258070
578.434875;256109
578.440674;258597
578.446472;256792
578.452271;257219
578.458069;258664
578.463867;260072
578.469666;257496
578.475464;255239
578.481262;258779
578.487061;260767
578.492920;259696
578.498718;259402
578.504517;257290
578.510315;261549
578.516113;262232
578.521912;260518
578.527710;258008
578.533508;260620
578.539307;263241
578.545105;260604
578.550964;262532
578.556763;264144
578.562561;264502
578.568359;265284
578.574158;260548
578.579956;261915
578.585754;263944
578.591553;262577
578.597351;262347
578.603149;261858
578.609009;263438
578.614807;265766
578.620605;264750
578.626404;261514
578.632202;263334
578.638000;263186
578.643799;264192
578.649597;261425
578.655396;265420
578.661194;262194
578.667053;264772
578.672852;263710
578.678650;260707
578.684448;261529
578.690247;262695
578.696045;262449
578.701843;261911
578.707642;262163
578.713440;261846
578.719238;264058
578.725037;263668
578.730896;263666
578.736694;264141
578.742493;264308
578.748291;263637
578.754089;264980
578.759888;265002
578.765686;262944
578.771484;264047
578.777283;264250
578.783081;262069
578.788940;264369
578.794739;265100
578.800537;261807
578.806335;260938
578.812134;266142
578.817932;263628
578.823730;265378
578.829529;262684
578.835327;263640
578.841125;265029
578.846985;266788
578.852783;264438
578.858582;261657
578.864380;261981
578.870178;265629
578.875977;264688
578.881775;264560
578.887573;263553
578.893372;263898
578.899170;264810
578.905029;266530
578.910828;264487
578.916626;264851
578.922424;262889
578.928223;263893
578.934021;265315
578.939819;262449
578.945618;262382
578.951416;267826
578.957214;267507
578.963013;266633
578.968872;267845
578.974670;266126
578.980469;264134
578.986267;265539
578.992065;269468
578.997864;266434
579.003662;268899
579.009460;266068
579.015259;264807
579.021057;269193
579.026917;266524
579.032715;264565
579.038513;267690
579.044312;267192
579.050110;265104
579.055908;267511
579.061707;264664
579.067505;263069
579.073303;265892
579.079102;264865
579.084961;267758
579.090759;267822
579.096558;263763
579.102356;268499
579.108154;269489
579.113953;268553
579.119751;267671
579.125549;266209
579.131348;265932
579.137146;267907
579.143005;265833
579.148804;264981
579.154602;262286
579.160400;263700
579.166199;265097
579.171997;262826
579.177795;264162
579.183594;261829
579.189392;260130
579.195190;267607
579.201050;264931
579.206848;263453
579.212646;263061
579.218445;264676
579.224243;266530
579.230042;265292
579.235840;264853
579.241638;263969
579.247437;265404
579.253235;263455
579.259033;266297
579.264893;261282
579.270691;263464
579.276489;264815
579.282288;264163
579.288086;266012
579.293884;264447
579.299683;268036
579.305481;264319
579.311279;265547
579.317078;266260
579.322937;265222
579.328735;265704
579.334534;266234
579.340332;263076
579.346130;264697
579.351929;264560
579.357727;263897
579.363525;260820
579.369324;260110
579.375122;260425
579.380981;261603
579.386780;260476
579.392578;263489
579.398376;262464
579.404175;261863
579.409973;258903
579.415771;261257
579.421570;260591
579.427368;260659
579.433167;264168
579.439026;262079
579.444824;260159
579.450623;258809
579.456421;260844
579.462219;262418
579.468018;259779
579.473816;259361
579.479614;257240
579.485413;262350
579.491211;260585
579.497009;259778
579.502869;259161
579.508667;260737
579.514465;258843
579.520264;260159
579.526062;259555
579.531860;260865
579.537659;259710
579.543457;259162
579.549255;259694
579.555054;260521
579.560913;259191
579.566711;255396
579.572510;255078
579.578308;256835
579.584106;256498
579.589905;253824
579.595703;255372
579.601501;254879
579.607300;256200
579.613098;255939
579.618958;255637
579.624756;257296
579.630554;257752
579.636353;259731
579.642151;260659
579.647949;260649
579.653748;259123
579.659546;261179
579.665344;259181
579.671143;259518
579.677002;256460
579.682800;255608
579.688599;259435
579.694397;257643
579.700195;253946
579.705994;253848
579.711792;252941
579.717590;255713
579.723389;253158
579.729187;254506
579.735046;255291
579.740845;257372
579.746643;254956
579.752441;252688
579.758240;252780
579.764038;251773
579.769836;252360
579.775635;251699
579.781433;250548
579.787231;251827
579.793030;251551
579.798889;252420
579.804688;251989
579.810486;252096
579.816284;254981
579.822083;256146
579.827881;253286
579.833679;252098
579.839478;251112
579.845276;251034
579.851074;251351
579.856934;252633
579.862732;251648
579.868530;245082
579.874329;245656
579.880127;242732
579.885925;240820
579.891724;239004
579.897522;230733
579.903320;225072
579.909119;218707
579.914978;219775
579.920776;220179
579.926575;220179
579.932373;218496
579.938171;220275
579.943970;221762
579.949768;224908
579.955566;225971
579.961365;228013
579.967163;224835
579.973022;223951
579.978821;228161
579.984619;226194
579.990417;224323
579.996216;228654
580.002014;231742
580.007813;228652
580.013611;230109
580.019409;230284
580.025208;232869
580.031006;230451
580.036865;231823
580.042664;231537
580.048462;232687
580.054260;230738
580.060059;229019
580.065857;229213
580.071655;228320
580.077454;232243
580.083252;231518
580.089050;232321
580.094910;236929
580.100708;235151
580.106506;233564
580.112305;238326
580.118103;239222
580.123901;240866
580.129700;241867
580.135498;240674
580.141296;239195
580.147095;240799
580.152954;241456
580.158752;240538
580.164551;239314
580.170349;241334
580.176147;241900
580.181946;238259
580.187744;240786
580.193542;240027
580.199341;237642
580.205139;235356
580.210999;237064
580.216797;230040
580.222595;226364
580.228394;225224
580.234192;224951
580.239990;223077
580.245789;223534
580.251587;225829
580.257385;224335
580.263184;224107
580.269043;226142
580.274841;229095
580.280640;225857
580.286438;228941
580.292236;234951
580.298035;229103
580.303833;231375
580.309631;231414
580.315430;230113
580.321228;233718
580.327026;234350
580.332886;234368
580.338684;232176
580.344482;231781
580.350281;235084
580.356079;237357
580.361877;236585
580.367676;235679
580.373474;238756
580.379272;240017
580.385071;238286
580.390930;240681
580.396729;239050
580.402527;238220
580.408325;240142
580.414124;237720
580.419922;238362
580.425720;240213
580.431519;237465
580.437317;237098
580.443115;236288
580.448975;236664
580.454773;239560
580.460571;240149
580.466370;240419
580.472168;239609
580.477966;242878
580.483765;244981
580.489563;245238
580.495361;244673
580.501160;244550
580.507019;243594
580.512817;241340
580.518616;243067
580.524414;241062
580.530212;240824
580.536011;242420
580.541809;247373
580.547607;244693
580.553406;243267
580.559204;245381
580.565002;246199
580.570862;248646
580.576660;250918
580.582458;251092
580.588257;251977
580.594055;250119
580.599854;247596
580.605652;251589
580.611450;254186
580.617249;250968
580.623047;254488
580.628906;252364
580.634705;250749
580.640503;253295
580.646301;252833
580.652100;251747
580.657898;254726
580.663696;254794
580.669495;254195
580.675293;256918
580.681091;260159
580.686951;257086
580.692749;253552
580.698547;254799
580.704346;256308
580.710144;257079
580.715942;255524
580.721741;256126
580.727539;256323
580.733337;254755
580.739136;253431
580.744995;254782
580.750793;252991
580.756592;257087
580.762390;254232
580.768188;251406
580.773987;257826
580.779785;257527
580.785583;255100
580.791382;258079
580.797180;258324
580.803040;255203
580.808838;256789
580.814636;255664
580.820435;257188
580.826233;256952
580.832031;257696
580.837830;256243
580.843628;256353
580.849426;255317
580.855225;255859
580.861023;258386
580.866882;254511
580.872681;255454
580.878479;253501
580.884277;253496
580.890076;259082
580.895874;256083
580.901672;256795
580.907471;258159
580.913269;254097
580.919067;253178
580.924927;255263
580.930725;255704
580.936523;256346
580.942322;253439
580.948120;255899
580.953918;259299
580.959717;258296
580.965515;252515
580.971313;255558
580.977112;257676
580.982971;257877
580.988770;252632
580.994568;254640
581.000366;254601
581.006165;253533
581.011963;251317
581.017761;252949
581.023560;250756
581.029358;252944
581.035156;255710
581.041016;251529
581.046814;251418
581.052612;255959
581.058411;256124
581.064209;257248
581.070007;257203
581.075806;255871
581.081604;257075
581.087402;256458
581.093201;257045
581.098999;257946
581.104858;257618
581.110657;259977
581.116455;256947
581.122253;257428
581.128052;255275
581.133850;254868
581.139648;253449
581.145447;257399
581.151245;254722
581.157043;257880
581.162903;257150
581.168701;253874
581.174500;255903
581.180298;255698
581.186096;255433
581.191895;251402
581.197693;246813
581.203491;247081
581.209290;250562
581.215088;251001
581.220947;250290
581.226746;251371
581.232544;249670
581.238342;249209
581.244141;250960
581.249939;252827
581.255737;251726
581.261536;255226
581.267334;252688
581.273132;249384
581.278992;246186
581.284790;248509
581.290588;248401
581.296387;250829
581.302185;249628
581.307983;247577
581.313782;247147
581.319580;249844
581.325378;246734
581.331177;248682
581.337036;251887
581.342834;251283
581.348633;251958
581.354431;255174
581.360229;253355
581.366028;253633
581.371826;257386
581.377625;253873
581.383423;253542
581.389221;253105
581.395020;252960
581.400879;253065
581.406677;253117
581.412476;254506
581.418274;252481
581.424072;250183
581.429871;250572
581.435669;248769
581.441467;250861
581.447266;250097
581.453064;249064
581.458923;247008
581.464722;247473
581.470520;247336
581.476318;245684
581.482117;245574
581.487915;244250
581.493713;241507
581.499512;242016
581.505310;245507
581.511108;248543
581.516968;244901
581.522766;244040
581.528564;249036
581.534363;247066
581.540161;248681
581.545959;245227
581.551758;248930
581.557556;248734
581.563354;249153
581.569153;249548
581.575012;246669
581.580811;251439
581.586609;253535
581.592407;252955
581.598206;252465
581.604004;253026
581.609802;251583
581.615601;253562
581.621399;251699
581.627197;254885
581.632996;250633
581.638855;249861
581.644653;251816
581.650452;249993
581.656250;248011
581.662048;252974
581.667847;253534
581.673645;250248
581.679443;252387
581.685242;252642
581.691040;251777
581.696899;250228
581.702698;248129
581.708496;251033
581.714294;248198
581.720093;245400
581.725891;248523
581.731689;246828
581.737488;246633
581.743286;244462
581.749084;245203
581.754944;245358
581.760742;247660
581.766541;243903
581.772339;245045
581.778137;244510
581.783936;247594
581.789734;248364
581.795532;250913
581.801331;247815
581.807129;248881
581.812988;249636
581.818787;251854
581.824585;251791
581.830383;253026
581.836182;253062
581.841980;250105
581.847778;258155
581.853577;257683
581.859375;251807
581.865173;252216
581.871033;251294
581.876831;255259
581.882629;254372
581.888428;256013
581.894226;256211
581.900024;253986
581.905823;255135
581.911621;255750
581.917419;259586
581.923218;254300
581.929016;252559
581.934875;255287
581.940674;254429
581.946472;253747
581.952271;251295
581.958069;251824
581.963867;254404
581.969666;251576
581.975464;254186
581.981262;251367
581.987061;252858
581.992920;254589
581.998718;252662
582.004517;253486
582.010315;255797
582.016113;256000
582.021912;250050
582.027710;250195
582.033508;252996
582.039307;254836
582.045105;254079
582.050964;249968
582.056763;248445
582.062561;248368
582.068359;250461
582.074158;253892
582.079956;250236
582.085754;249287
582.091553;250025
582.097351;252677
582.103149;252892
582.109009;253307
582.114807;254759
582.120605;252815
582.126404;251538
582.132202;252547
582.138000;252815
582.143799;254072
582.149597;254652
582.155396;250182
582.161194;250389
582.167053;248800
582.172852;249312
582.178650;251804
582.184448;252425
582.190247;252358
582.196045;249150
582.201843;250493
582.207642;252580
582.213440;250870
582.219238;250687
582.225037;252099
582.230896;254704
582.236694;254174
582.242493;251243
582.248291;252739
582.254089;251159
582.259888;252209
582.265686;251518
582.271484;251499
582.277283;250635
582.283081;252023
582.288940;246920
582.294739;246367
582.300537;247851
582.306335;250522
582.312134;248857
582.317932;248428
582.323730;248965
582.329529;249627
582.335327;251152
582.341125;251492
582.346985;252115
582.352783;250058
582.358582;250736
582.364380;253524
582.370178;251219
582.375977;250663
582.381775;250570
582.387573;253984
582.393372;253032
582.399170;253877
582.405029;252194
582.410828;249712
582.416626;255886
582.422424;254204
582.428223;253453
582.434021;252321
582.439819;256080
582.445618;253987
582.451416;256001
582.457214;255201
582.463013;251872
582.468872;253585
582.474670;255630
582.480469;250857
582.486267;250420
582.492065;253366
582.497864;254786
582.503662;253240
582.509460;255718
582.515259;252719
582.521057;254554
582.526917;254568
582.532715;254584
582.538513;255332
582.544312;254484
582.550110;253921
582.555908;255960
582.561707;257854
582.567505;257018
582.573303;254951
582.579102;252181
582.584961;254907
582.590759;253058
582.596558;253588
582.602356;254010
582.608154;252634
582.613953;249895
582.619751;254162
582.625549;251808
582.631348;249558
582.637146;248536
582.643005;244513
582.648804;243152
582.654602;246179
582.660400;248918
582.666199;246990
582.671997;243174
582.677795;242762
582.683594;247303
582.689392;244803
582.695190;246090
582.701050;243427
582.706848;240666
582.712646;241523
582.718445;238235
582.724243;238367
582.730042;236768
582.735840;241715
582.741638;241900
582.747437;244323
582.753235;240622
582.759033;244042
582.764893;241845
582.770691;241110
582.776489;243482
582.782288;242571
582.788086;245373
582.793884;244755
582.799683;247034
582.805481;248073
582.811279;245489
582.817078;243658
582.822937;245043
582.828735;243732
582.834534;242745
582.840332;245346
582.846130;244138
582.851929;243557
582.857727;245837
582.863525;245368
582.869324;243269
582.875122;242372
582.880981;240847
582.886780;243254
582.892578;240130
582.898376;240109
582.904175;239633
582.909973;240533
582.915771;239338
582.921570;240523
582.927368;240989
582.933167;239769
582.939026;240995
582.944824;241209
582.950623;242461
582.956421;241173
582.962219;240125
582.968018;239242
582.973816;240679
582.979614;240902
582.985413;240243
582.991211;239275
582.997009;243923
583.002869;243221
583.008667;241137
583.014465;240101
583.020264;241694
583.026062;239862
583.031860;242571
583.037659;240516
583.043457;239973
583.049255;237657
583.055054;236625
583.060913;239585
583.066711;238398
583.072510;237515
583.078308;235574
583.084106;238482
583.089905;233397
583.095703;236732
583.101501;236884
583.107300;237458
583.113098;235310
583.118958;235610
583.124756;238925
583.130554;238121
583.136353;238441
583.142151;237893
583.147949;238661
583.153748;239013
583.159546;243355
583.165344;241085
583.171143;242932
583.177002;240551
583.182800;242498
583.188599;241810
583.194397;241138
583.200195;239207
583.205994;241222
583.211792;239328
583.217590;241022
583.223389;240276
583.229187;243745
583.235046;240873
583.240845;242568
583.246643;247603
583.252441;246886
583.258240;245738
583.264038;244505
583.269836;239838
583.275635;238010
583.281433;243410
583.287231;243953
583.293030;239575
583.298889;239652
583.304688;242104
583.310486;243238
583.316284;243618
583.322083;242728
583.327881;244611
583.333679;244487
583.339478;245240
583.345276;246067
583.351074;243830
583.356934;246014
583.362732;245129
583.368530;244740
583.374329;244442
583.380127;245338
583.385925;246614
583.391724;244130
583.397522;245507
583.403320;246054
583.409119;244151
583.414978;247199
583.420776;245408
583.426575;244060
583.432373;244342
583.438171;246847
583.443970;250097
583.449768;249754
583.455566;250008
583.461365;246304
583.467163;247168
583.473022;247146
583.478821;244062
583.484619;243528
583.490417;244245
583.496216;245149
583.502014;244171
583.507813;246754
583.513611;246391
583.519409;245886
583.525208;242858
583.531006;246632
583.536865;244772
583.542664;245563
583.548462;240538
583.554260;241849
583.560059;242131
583.565857;239450
583.571655;238630
583.577454;239305
583.583252;237768
583.589050;237748
583.594910;241066
583.600708;237969
583.606506;237221
583.612305;241001
583.618103;245134
583.623901;241232
583.629700;242148
583.635498;243435
583.641296;242189
583.647095;245851
583.652954;243964
583.658752;239417
583.664551;242567
583.670349;242461
583.676147;242144
583.681946;243887
583.687744;242555
583.693542;243893
583.699341;244271
583.705139;244660
583.710999;246375
583.716797;245708
583.722595;241499
583.728394;245404
583.734192;244821
583.739990;242182
583.745789;243744
583.751587;246622
583.757385;244461
583.763184;243726
583.769043;244018
583.774841;248101
583.780640;246041
583.786438;242714
583.792236;247909
583.798035;245792
583.803833;244071
583.809631;243575
583.815430;245690
583.821228;244173
583.827026;244819
583.832886;246337
583.838684;247268
583.844482;244592
583.850281;246714
583.856079;245573
583.861877;246721
583.867676;247852
583.873474;242760
583.879272;246772
583.885071;247576
583.890930;246478
583.896729;245204
583.902527;249306
583.908325;248554
583.914124;246233
583.919922;247543
583.925720;248310
583.931519;247392
583.937317;246294
583.943115;245979
583.948975;249095
583.954773;247994
583.960571;247042
583.966370;248286
583.972168;247302
583.977966;245328
583.983765;246045
583.989563;247109
583.995361;244861
584.001160;244842
584.007019;242144
584.012817;246685
584.018616;244828
584.024414;244903
584.030212;242971
584.036011;243931
584.041809;244388
584.047607;242272
584.053406;239942
584.059204;242943
584.065002;242260
584.070862;242726
584.076660;242581
584.082458;241721
584.088257;240111
584.094055;239983
584.099854;239991
584.105652;237627
584.111450;238108
584.117249;237004
584.123047;239004
584.128906;240629
584.134705;239923
584.140503;238272
584.146301;236774
584.152100;242932
584.157898;239147
584.163696;241650
584.169495;242398
584.175293;241715
584.181091;240224
584.186951;240142
584.192749;242062
584.198547;239034
584.204346;239553
584.210144;238542
584.215942;239480
584.221741;241303
584.227539;240367
584.233337;237590
584.239136;238510
584.244995;243268
584.250793;241654
584.256592;242539
584.262390;241024
584.268188;241816
584.273987;239265
584.279785;239843
584.285583;242186
584.291382;239954
584.297180;240584
584.303040;240309
584.308838;241099
584.314636;238758
584.320435;241326
584.326233;239475
584.332031;242660
584.337830;242411
584.343628;243297
584.349426;241437
584.355225;244138
584.361023;243532
584.366882;242422
584.372681;242216
584.378479;239245
584.384277;242223
584.390076;243328
584.395874;242434
584.401672;245987
584.407471;240544
584.413269;243758
584.419067;243539
584.424927;245318
584.430725;245402
584.436523;243081
584.442322;248060
584.448120;242965
584.453918;245888
584.459717;243388
584.465515;240534
584.471313;240671
584.477112;242034
584.482971;240043
584.488770;238729
584.494568;237869
584.500366;240273
584.506165;239235
584.511963;237910
584.517761;242928
584.523560;238130
584.529358;239300
584.535156;241324
584.541016;238523
584.546814;236023
584.552612;238307
584.558411;236771
584.564209;235427
584.570007;235317
584.575806;234902
584.581604;235525
584.587402;234626
584.593201;234607
584.598999;235471
584.604858;235158
584.610657;233021
584.616455;235362
584.622253;232252
584.628052;233941
584.633850;236220
584.639648;234119
584.645447;236166
584.651245;233388
584.657043;236042
584.662903;235284
584.668701;234939
584.674500;234129
584.680298;233336
584.686096;234470
584.691895;234772
584.697693;237302
584.703491;235878
584.709290;238498
584.715088;236119
584.720947;237973
584.726746;237187
584.732544;235724
584.738342;239487
584.744141;236029
584.749939;235495
584.755737;239024
584.761536;237537
584.767334;236436
584.773132;238799
584.778992;241268
584.784790;239860
584.790588;238942
584.796387;236631
584.802185;238496
584.807983;236009
584.813782;237652
584.819580;240933
584.825378;239274
584.831177;237496
584.837036;239685
584.842834;240724
584.848633;239892
584.854431;235696
584.860229;240743
584.866028;241846
584.871826;238380
584.877625;239187
584.883423;238143
584.889221;238557
584.895020;238748
584.900879;240720
584.906677;241187
584.912476;239675
584.918274;238867
584.924072;241680
584.929871;240902
584.935669;238105
584.941467;242161
584.947266;238425
584.953064;236282
584.958923;235600
584.964722;240719
584.970520;235636
584.976318;235077
584.982117;237016
584.987915;236467
584.993713;232894
584.999512;232566
585.005310;231638
585.011108;231480
585.016968;230838
585.022766;234975
585.028564;232680
585.034363;234309
585.040161;233199
585.045959;234402
585.051758;235518
585.057556;232742
585.063354;234150
585.069153;234060
585.075012;234007
585.080811;234802
585.086609;233780
585.092407;233782
585.098206;236483
585.104004;236398
585.109802;236405
585.115601;234541
585.121399;232730
585.127197;232277
585.132996;233418
585.138855;235260
585.144653;232510
585.150452;236519
585.156250;234734
585.162048;234847
585.167847;235974
585.173645;232774
585.179443;233615
585.185242;233554
585.191040;233215
585.196899;233785
585.202698;232002
585.208496;234426
585.214294;235630
585.220093;235071
585.225891;232776
585.231689;235109
585.237488;234313
585.243286;233826
585.249084;233758
585.254944;236562
585.260742;235656
585.266541;236095
585.272339;237001
585.278137;234465
585.283936;233844
585.289734;237832
585.295532;239186
585.301331;237156
585.307129;239629
585.312988;237022
585.318787;234816
585.324585;235477
585.330383;234520
585.336182;232668
585.341980;235857
585.347778;235183
585.353577;233680
585.359375;234280
585.365173;236185
585.371033;235156
585.376831;236026
585.382629;234026
585.388428;232500
585.394226;232867
585.400024;233219
585.405823;236500
585.411621;233754
585.417419;233642
585.423218;237824
585.429016;233505
585.434875;237284
585.440674;237230
585.446472;238221
585.452271;236665
585.458069;236818
585.463867;236573
585.469666;235764
585.475464;239191
585.481262;235990
585.487061;234381
585.492920;234758
585.498718;233119
585.504517;237201
585.510315;237421
585.516113;235496
585.521912;237181
585.527710;236424
585.533508;239804
585.539307;240642
585.545105;238405
585.550964;240238
585.556763;239565
585.562561;234283
585.568359;237931
585.574158;236420
585.579956;239873
585.585754;237129
585.591553;239454
585.597351;238810
585.603149;238619
585.609009;236188
585.614807;239068
585.620605;238075
585.626404;236348
585.632202;237356
585.638000;238273
585.643799;239095
585.649597;239360
585.655396;235345
585.661194;238265
585.667053;236175
585.672852;237774
585.678650;239025
585.684448;234366
585.690247;235309
585.696045;233090
585.701843;236352
585.707642;234170
585.713440;232925
585.719238;233858
585.725037;233789
585.730896;235904
585.736694;233969
585.742493;233053
585.748291;234626
585.754089;234930
585.759888;236597
585.765686;233783
585.771484;236334
585.777283;234544
585.783081;233076
585.788940;234326
585.794739;234308
585.800537;232997
585.806335;232982
585.812134;235975
585.817932;234458
585.823730;235706
585.829529;234125
585.835327;233761
585.841125;236478
585.846985;233835
585.852783;235231
585.858582;236607
585.864380;236865
585.870178;236886
585.875977;235347
585.881775;233662
585.887573;234949
585.893372;235102
585.899170;232771
585.905029;234870
585.910828;236369
585.916626;236212
585.922424;236210
585.928223;233039
585.934021;236218
585.939819;236904
585.945618;237097
585.951416;236214
585.957214;235806
585.963013;232896
585.968872;235807
585.974670;234320
585.980469;235966
585.986267;232507
585.992065;230595
585.997864;230275
586.003662;230161
586.009460;233315
586.015259;231640
586.021057;231411
586.026917;232346
586.032715;234377
586.038513;234556
586.044312;235548
586.050110;234652
586.055908;235204
586.061707;232578
586.067505;234004
586.073303;234640
586.079102;234955
586.084961;232373
586.090759;234983
586.096558;233871
586.102356;234738
586.108154;233777
586.113953;235039
586.119751;236520
586.125549;237429
586.131348;231696
586.137146;235289
586.143005;235333
586.148804;234780
586.154602;232974
586.160400;231029
586.166199;234802
586.171997;235444
586.177795;236612
586.183594;234643
586.189392;235061
586.195190;231996
586.201050;236059
586.206848;234812
586.212646;237713
586.218445;232771
586.224243;232860
586.230042;233037
586.235840;232467
586.241638;231925
586.247437;231314
586.253235;232017
586.259033;232738
586.264893;229760
586.270691;230554
586.276489;231381
586.282288;229703
586.288086;229885
586.293884;229729
586.299683;224952
586.305481;228993
586.311279;229610
586.317078;228728
586.322937;227776
586.328735;229468
586.334534;230974
586.340332;227218
586.346130;230698
586.351929;230617
586.357727;229213
586.363525;229619
586.369324;229835
586.375122;231878
586.380981;231365
586.386780;230592
586.392578;233824
586.398376;234415
586.404175;232590
586.409973;233042
586.415771;233724
586.421570;232826
586.427368;231237
586.433167;233850
586.439026;236540
586.444824;235296
586.450623;233810
586.456421;232143
586.462219;228831
586.468018;230708
586.473816;234057
586.479614;235274
586.485413;233611
586.491211;231053
586.497009;232882
586.502869;231949
586.508667;234000
586.514465;233125
586.520264;233168
586.526062;235640
586.531860;233293
586.537659;233363
586.543457;231416
586.549255;233786
586.555054;232624
586.560913;231708
586.566711;229552
586.572510;228633
586.578308;227366
586.584106;227327
586.589905;230375
586.595703;231058
586.601501;230711
586.607300;234770
586.613098;229467
586.618958;231789
586.624756;231064
586.630554;231913
586.636353;231638
586.642151;232069
586.647949;231832
586.653748;233376
586.659546;231236
586.665344;231076
586.671143;235512
586.677002;229784
586.682800;230493
586.688599;230825
586.694397;232495
586.700195;231701
586.705994;233201
586.711792;233240
586.717590;231788
586.723389;233348
586.729187;230486
586.735046;228821
586.740845;229786
586.746643;229249
586.752441;227717
586.758240;227260
586.764038;228011
586.769836;229419
586.775635;227867
586.781433;227779
586.787231;229843
586.793030;229344
586.798889;229644
586.804688;230426
586.810486;230672
586.816284;231499
586.822083;229873
586.827881;228521
586.833679;231790
586.839478;231143
586.845276;232037
586.851074;232160
586.856934;232464
586.862732;232254
586.868530;228441
586.874329;232589
586.880127;229944
586.885925;231200
586.891724;234326
586.897522;232947
586.903320;232321
586.909119;232954
586.914978;232234
586.920776;227780
586.926575;227579
586.932373;224678
586.938171;227841
586.943970;226392
586.949768;224896
586.955566;226593
586.961365;228709
586.967163;225637
586.973022;228585
586.978821;229851
586.984619;228131
586.990417;227051
586.996216;230351
587.002014;227243
587.007813;227242
587.013611;229711
587.019409;226869
587.025208;227678
587.031006;224704
587.036865;227242
587.042664;226329
587.048462;225108
587.054260;225904
587.060059;227094
587.065857;228868
587.071655;225002
587.077454;229876
587.083252;229163
587.089050;232873
587.094910;231414
587.100708;231151
587.106506;232239
587.112305;228295
587.118103;230178
587.123901;227494
587.129700;227616
587.135498;229397
587.141296;228209
587.147095;228109
587.152954;224984
587.158752;226090
587.164551;228149
587.170349;225746
587.176147;226443
587.181946;227536
587.187744;230577
587.193542;229340
587.199341;230109
587.205139;227583
587.210999;227355
587.216797;231817
587.222595;231292
587.228394;230163
587.234192;229970
587.239990;229424
587.245789;235155
587.251587;229934
587.257385;228274
587.263184;231978
587.269043;227747
587.274841;230953
587.280640;229683
587.286438;231220
587.292236;232368
587.298035;230859
587.303833;226776
587.309631;226300
587.315430;227405
587.321228;229637
587.327026;230920
587.332886;230520
587.338684;230985
587.344482;229023
587.350281;232602
587.356079;231516
587.361877;229730
587.367676;232514
587.373474;233236
587.379272;229299
587.385071;228606
587.390930;230860
587.396729;231638
587.402527;232140
587.408325;231716
587.414124;233050
587.419922;231182
587.425720;234072
587.431519;232651
587.437317;230156
587.443115;235426
587.448975;235748
587.454773;231202
587.460571;233753
587.466370;235005
587.472168;233225
587.477966;234009
587.483765;234403
587.489563;232995
587.495361;233457
587.501160;233131
587.507019;235266
587.512817;231032
587.518616;230112
587.524414;231825
587.530212;234112
587.536011;231719
587.541809;232235
587.547607;233847
587.553406;234008
587.559204;234711
587.565002;232385
587.570862;230746
587.576660;230161
587.582458;233496
587.588257;234320
587.594055;233237
587.599854;235676
587.605652;235791
587.611450;235026
587.617249;234500
587.623047;232946
587.628906;235096
587.634705;235461
587.640503;235413
587.646301;235366
587.652100;236642
587.657898;234352
587.663696;236009
587.669495;233234
587.675293;233664
587.681091;234279
587.686951;236286
587.692749;235029
587.698547;234613
587.704346;232583
587.710144;234656
587.715942;235839
587.721741;236621
587.727539;235754
587.733337;235996
587.739136;233523
587.744995;237536
587.750793;234369
587.756592;235875
587.762390;233132
587.768188;232245
587.773987;235155
587.779785;236183
587.785583;235086
587.791382;236163
587.797180;234738
587.803040;239425
587.808838;233777
587.814636;235020
587.820435;233216
587.826233;234580
587.832031;236424
587.837830;236773
587.843628;234860
587.849426;232999
587.855225;238392
587.861023;234436
587.866882;236979
587.872681;234544
587.878479;233539
587.884277;235943
587.890076;235409
587.895874;234816
587.901672;235605
587.907471;238777
587.913269;234615
587.919067;235563
587.924927;236482
587.930725;235071
587.936523;239835
587.942322;235585
587.948120;234837
587.953918;239137
587.959717;238447
587.965515;235513
587.971313;236841
587.977112;238731
587.982971;235768
587.988770;236629
587.994568;231839
588.000366;234884
588.006165;235321
588.011963;235374
588.017761;233209
588.023560;234388
588.029358;235787
588.035156;235232
588.041016;235973
588.046814;234576
588.052612;236060
588.058411;236735
588.064209;234088
588.070007;236858
588.075806;236722
588.081604;237472
588.087402;233023
588.093201;232420
588.098999;234341
588.104858;235103
588.110657;234574
588.116455;233103
588.122253;231915
588.128052;235100
588.133850;233044
588.139648;229442
588.145447;228466
588.151245;234897
588.157043;235122
588.162903;233787
588.168701;232842
588.174500;230922
588.180298;235282
588.186096;234386
588.191895;233006
588.197693;235178
588.203491;233164
588.209290;234704
588.215088;238754
588.220947;234426
588.226746;232162
588.232544;236575
588.238342;238698
588.244141;232635
588.249939;231856
588.255737;232713
588.261536;236805
588.267334;232747
588.273132;234292
588.278992;237037
588.284790;236047
588.290588;235433
588.296387;236516
588.302185;236234
588.307983;235483
588.313782;236901
588.319580;233623
588.325378;235655
588.331177;235650
588.337036;235223
588.342834;235078
588.348633;235947
588.354431;234674
588.360229;236064
588.366028;237544
588.371826;235390
588.377625;235010
588.383423;234540
588.389221;232941
588.395020;237805
588.400879;234941
588.406677;235810
588.412476;235355
588.418274;234077
588.424072;233717
588.429871;233964
588.435669;236717
588.441467;234507
588.447266;233676
588.453064;235369
588.458923;235768
588.464722;237744
588.470520;236178
588.476318;234807
588.482117;237338
588.487915;237174
588.493713;236244
588.499512;235704
588.505310;236285
588.511108;236118
588.516968;235768
588.522766;234719
588.528564;236067
588.534363;235261
588.540161;235692
588.545959;235670
588.551758;233485
588.557556;237042
588.563354;237437
588.569153;234391
588.575012;236595
588.580811;238938
588.586609;236090
588.592407;234872
588.598206;238547
588.604004;238071
588.609802;237606
588.615601;235475
588.621399;235303
588.627197;236235
588.632996;236550
588.638855;238266
588.644653;235936
588.650452;232812
588.656250;236742
588.662048;235445
588.667847;233676
588.673645;234185
588.679443;236173
588.685242;235290
588.691040;237312
588.696899;235465
588.702698;235402
588.708496;235747
588.714294;236361
588.720093;234678
588.725891;236486
588.731689;233618
588.737488;235440
588.743286;235529
588.749084;234967
588.754944;233424
588.760742;237427
588.766541;237527
588.772339;234048
588.778137;232022
588.783936;231776
588.789734;232392
588.795532;234231
588.801331;233721
588.807129;231295
588.812988;233315
588.818787;234420
588.824585;236460
588.830383;234064
588.836182;235088
588.841980;234597
588.847778;235209
588.853577;232145
588.859375;233045
588.865173;235414
588.871033;236463
588.876831;233001
588.882629;232259
588.888428;232542
588.894226;234088
588.900024;231363
588.905823;231316
588.911621;232481
588.917419;230539
588.923218;229424
588.929016;230775
588.934875;233325
588.940674;232811
588.946472;229818
588.952271;231241
588.958069;232604
588.963867;231913
588.969666;231730
588.975464;233013
588.981262;233193
588.987061;233499
588.992920;234080
588.998718;233060
589.004517;231755
589.010315;228647
589.016113;235627
589.021912;233072
589.027710;232811
589.033508;233814
589.039307;232258
589.045105;232192
589.050964;233292
589.056763;235169
589.062561;233909
589.068359;237407
589.074158;234239
589.079956;233491
589.085754;233025
589.091553;234121
589.097351;231835
589.103149;231822
589.109009;232765
589.114807;233179
589.120605;235200
589.126404;235297
589.132202;237982
589.138000;234498
589.143799;231897
589.149597;235852
589.155396;235152
589.161194;235969
589.167053;233600
589.172852;235242
589.178650;234793
589.184448;233632
589.190247;234712
589.196045;237035
589.201843;235504
589.207642;232465
589.213440;235039
589.219238;235776
589.225037;235511
589.230896;236925
589.236694;237182
589.242493;236136
589.248291;232698
589.254089;235198
589.259888;234743
589.265686;236460
589.271484;235697
589.277283;235796
589.283081;237285
589.288940;232832
589.294739;233331
589.300537;236500
589.306335;235417
589.312134;234796
589.317932;231339
589.323730;231573
589.329529;236933
589.335327;234624
589.341125;234462
589.346985;235149
589.352783;235189
589.358582;235747
589.364380;233366
589.370178;234098
589.375977;232412
589.381775;234930
589.387573;231603
589.393372;229798
589.399170;229564
589.405029;229586
589.410828;231593
589.416626;229202
589.422424;231311
589.428223;229279
589.434021;229112
589.439819;227047
589.445618;231256
589.451416;230130
589.457214;228798
589.463013;228828
589.468872;228483
589.474670;230767
589.480469;232897
589.486267;233396
589.492065;233912
589.497864;232789
589.503662;231749
589.509460;234303
589.515259;235351
589.521057;231456
589.526917;231623
589.532715;231326
589.538513;234326
589.544312;231177
589.550110;233619
589.555908;236097
589.561707;233478
589.567505;235576
589.573303;237024
589.579102;229877
589.584961;232126
589.590759;232499
589.596558;234941
589.602356;230757
589.608154;237077
589.613953;233057
589.619751;232447
589.625549;231701
589.631348;231917
589.637146;232961
589.643005;233845
589.648804;233001
589.654602;233099
589.660400;233931
589.666199;234526
589.671997;235546
589.677795;233478
589.683594;233201
589.689392;233127
589.695190;234280
589.701050;234479
589.706848;232220
589.712646;232194
589.718445;235977
589.724243;232416
589.730042;235145
589.735840;233220
589.741638;230915
589.747437;236233
589.753235;234904
589.759033;236320
589.764893;232589
589.770691;234204
589.776489;236536
589.782288;235589
589.788086;234978
589.793884;231777
589.799683;235410
589.805481;232841
589.811279;233740
589.817078;234333
589.822937;238061
589.828735;235714
589.834534;234022
589.840332;236778
589.846130;235358
589.851929;238821
589.857727;235794
589.863525;235939
589.869324;234752
589.875122;233781
589.880981;236815
589.886780;233955
589.892578;234522
589.898376;234005
589.904175;233631
589.909973;233017
589.915771;236699
589.921570;236949
589.927368;233218
589.933167;234708
589.939026;236798
589.944824;233918
589.950623;236943
589.956421;238076
589.962219;234954
589.968018;236876
589.973816;232898
589.979614;235463
589.985413;235684
589.991211;234674
589.997009;235369
590.002869;235719
590.008667;236034
590.014465;233155
590.020264;231451
590.026062;234016
590.031860;237767
590.037659;234756
590.043457;234807
590.049255;231349
590.055054;234145
590.060913;234496
590.066711;231550
590.072510;233818
590.078308;233510
590.084106;233290
590.089905;230242
590.095703;234615
590.101501;231761
590.107300;230097
590.113098;230562
590.118958;233783
590.124756;229144
590.130554;231505
590.136353;230935
590.142151;231143
590.147949;230024
590.153748;226324
590.159546;229368
590.165344;233467
590.171143;230078
590.177002;230137
590.182800;229468
590.188599;229256
590.194397;228792
590.200195;228875
590.205994;232101
590.211792;230190
590.217590;232209
590.223389;231737
590.229187;233384
590.235046;229889
590.240845;233021
590.246643;229337
590.252441;228689
590.258240;230605
590.264038;230856
590.269836;230868
590.275635;228801
590.281433;232720
590.287231;232308
590.293030;232041
590.298889;228825
590.304688;230953
590.310486;229460
590.316284;231357
590.322083;232239
590.327881;230778
590.333679;232148
590.339478;230317
590.345276;231476
590.351074;228160
590.356934;231965
590.362732;231630
590.368530;230394
590.374329;231462
590.380127;230215
590.385925;230618
590.391724;233798
590.397522;231190
590.403320;229018
590.409119;232141
590.414978;232042
590.420776;230925
590.426575;228297
590.432373;230626
590.438171;230429
590.443970;231323
590.449768;235262
590.455566;230587
590.461365;229323
590.467163;228956
590.473022;230616
590.478821;231891
590.484619;231772
590.490417;231941
590.496216;231062
590.502014;229397
590.507813;233921
590.513611;229728
590.519409;233332
590.525208;230703
590.531006;227246
590.536865;232190
590.542664;233096
590.548462;229452
590.554260;229602
590.560059;228128
590.565857;229188
590.571655;230322
590.577454;228526
590.583252;230450
590.589050;232081
590.594910;229444
590.600708;229647
590.606506;228454
590.612305;229633
590.618103;230879
590.623901;229064
590.629700;230752
590.635498;235087
590.641296;231351
590.647095;230140
590.652954;230861
590.658752;232149
590.664551;230210
590.670349;231181
590.676147;229601
590.681946;230009
590.687744;230034
590.693542;230779
590.699341;231264
590.705139;228759
590.710999;231851
590.716797;233101
590.722595;232274
590.728394;230070
590.734192;231892
590.739990;229743
590.745789;232653
590.751587;231012
590.757385;230847
590.763184;229553
590.769043;231440
590.774841;229058
590.780640;227859
590.786438;229479
590.792236;228252
590.798035;226577
590.803833;228265
590.809631;227043
590.815430;229160
590.821228;227391
590.827026;229519
590.832886;226418
590.838684;227309
590.844482;229373
590.850281;228883
590.856079;228960
590.861877;230306
590.867676;230070
590.873474;228893
590.879272;228754
590.885071;231581
590.890930;227567
590.896729;226425
590.902527;228080
590.908325;229606
590.914124;230338
590.919922;230273
590.925720;230122
590.931519;229831
590.937317;227969
590.943115;229613
590.948975;232014
590.954773;229627
590.960571;229263
590.966370;230968
590.972168;231145
590.977966;231141
590.983765;228896
590.989563;229702
590.995361;228305
591.001160;230505
591.007019;229644
591.012817;231301
591.018616;232436
591.024414;231874
591.030212;229485
591.036011;226466
591.041809;231491
591.047607;230453
591.053406;229179
591.059204;235174
591.065002;229492
591.070862;228934
591.076660;229338
591.082458;229288
591.088257;230875
591.094055;228552
591.099854;230541
591.105652;233186
591.111450;229124
591.117249;232479
591.123047;232215
591.128906;229480
591.134705;229143
591.140503;229463
591.146301;230815
591.152100;233414
591.157898;227864
591.163696;228815
591.169495;230628
591.175293;229208
591.181091;230265
591.186951;229495
591.192749;229639
591.198547;231724
591.204346;230787
591.210144;231609
591.215942;231813
591.221741;228680
591.227539;228413
591.233337;231139
591.239136;231118
591.244995;232916
591.250793;231133
591.256592;230628
591.262390;228622
591.268188;229548
591.273987;229729
591.279785;229348
591.285583;230372
591.291382;230774
591.297180;230675
591.303040;230075
591.308838;232565
591.314636;232312
591.320435;231566
591.326233;229945
591.332031;233323
591.337830;232180
591.343628;233600
591.349426;233124
591.355225;229302
591.361023;231978
591.366882;232338
591.372681;232305
591.378479;232157
591.384277;231992
591.390076;228887
591.395874;231054
591.401672;228874
591.407471;230081
591.413269;231196
591.419067;230479
591.424927;228704
591.430725;226436
591.436523;228874
591.442322;227778
591.448120;226595
591.453918;226208
591.459717;225432
591.465515;225478
591.471313;223132
591.477112;222139
591.482971;224377
591.488770;221812
591.494568;219843
591.500366;222405
591.506165;221714
591.511963;221714
591.517761;222371
591.523560;224094
591.529358;220956
591.535156;222061
591.541016;223650
591.546814;223785
591.552612;223197
591.558411;222321
591.564209;222152
591.570007;223069
591.575806;221577
591.581604;223235
591.587402;222645
591.593201;223441
591.598999;225235
591.604858;226856
591.610657;225573
591.616455;224767
591.622253;226781
591.628052;229079
591.633850;228303
591.639648;226826
591.645447;229519
591.651245;229076
591.657043;226162
591.662903;227451
591.668701;229709
591.674500;229085
591.680298;232031
591.686096;228209
591.691895;230553
591.697693;228050
591.703491;226777
591.709290;227243
591.715088;227512
591.720947;226272
591.726746;229508
591.732544;230926
591.738342;227388
591.744141;226770
591.749939;230765
591.755737;225607
591.761536;228345
591.767334;229110
591.773132;226318
591.778992;224302
591.784790;225814
591.790588;228235
591.796387;228365
591.802185;226451
591.807983;227257
591.813782;229723
591.819580;229960
591.825378;230474
591.831177;230206
591.837036;227085
591.842834;230179
591.848633;229051
591.854431;228521
591.860229;231532
591.866028;231889
591.871826;228709
591.877625;231138
591.883423;233053
591.889221;233627
591.895020;232419
591.900879;231305
591.906677;231820
591.912476;232043
591.918274;231805
591.924072;230537
591.929871;232014
591.935669;229430
591.941467;233328
591.947266;231831
591.953064;231333
591.958923;231239
591.964722;230422
591.970520;230811
591.976318;231786
591.982117;231251
591.987915;230552
591.993713;234181
591.999512;231932
592.005310;231518
592.011108;228984
592.016968;232192
592.022766;231193
592.028564;229030
592.034363;230753
592.040161;231772
592.045959;233349
592.051758;232258
592.057556;229793
592.063354;227786
592.069153;229168
592.075012;234845
592.080811;231026
592.086609;231341
592.092407;232979
592.098206;230792
592.104004;231778
592.109802;231933
592.115601;230358
592.121399;229616
592.127197;230789
592.132996;231879
592.138855;230518
592.144653;229671
592.150452;229509
592.156250;229001
592.162048;230496
592.167847;230536
592.173645;234893
592.179443;229631
592.185242;232785
592.191040;231018
592.196899;230535
592.202698;228857
592.208496;230344
592.214294;230633
592.220093;232580
592.225891;231178
592.231689;231531
592.237488;228809
592.243286;228917
592.249084;230638
592.254944;227503
592.260742;226651
592.266541;233155
592.272339;229684
592.278137;227518
592.283936;225529
592.289734;227088
592.295532;231172
592.301331;226370
592.307129;229620
592.312988;231637
592.318787;228117
592.324585;230938
592.330383;233861
592.336182;231620
592.341980;230766
592.347778;229134
592.353577;230783
592.359375;234284
592.365173;233466
592.371033;232109
592.376831;234418
592.382629;230294
592.388428;228654
592.394226;230579
592.400024;229814
592.405823;231601
592.411621;231097
592.417419;232081
592.423218;230138
592.429016;230322
592.434875;232807
592.440674;233351
592.446472;232327
592.452271;233454
592.458069;228883
592.463867;227292
592.469666;230020
592.475464;228418
592.481262;230685
592.487061;228478
592.492920;230496
592.498718;227266
592.504517;229900
592.510315;228351
592.516113;231414
592.521912;225934
592.527710;225691
592.533508;227755
592.539307;227534
592.545105;226368
592.550964;228545
592.556763;226997
592.562561;223646
592.568359;226556
592.574158;225466
592.579956;222610
592.585754;222924
592.591553;224835
592.597351;227288
592.603149;225057
592.609009;226311
592.614807;225133
592.620605;225725
592.626404;224188
592.632202;227568
592.638000;226164
592.643799;226978
592.649597;223914
592.655396;226397
592.661194;226900
592.667053;224718
592.672852;227963
592.678650;227022
592.684448;225117
592.690247;225297
592.696045;227812
592.701843;227434
592.707642;229319
592.713440;227495
592.719238;228597
592.725037;228539
592.730896;228674
592.736694;227578
592.742493;225461
592.748291;228436
592.754089;225745
592.759888;226286
592.765686;230284
592.771484;230482
592.777283;227177
592.783081;230528
592.788940;227568
592.794739;225109
592.800537;227889
592.806335;227246
592.812134;227167
592.817932;228576
592.823730;226158
592.829529;226610
592.835327;227971
592.841125;230447
592.846985;231078
592.852783;227088
592.858582;228775
592.864380;231040
592.870178;228522
592.875977;228483
592.881775;227953
592.887573;230843
592.893372;229145
592.899170;226715
592.905029;226570
592.910828;225363
592.916626;226245
592.922424;228727
592.928223;227096
592.934021;231113
592.939819;227670
592.945618;230679
592.951416;226161
592.957214;225557
592.963013;229212
592.968872;226575
592.974670;230166
592.980469;227662
592.986267;227805
592.992065;229304
592.997864;228733
593.003662;229676
593.009460;230318
593.015259;227511
593.021057;228534
593.026917;225909
593.032715;229015
